Patent,Year,Inventor,Invention,kellyetal,halloffame
1647,1840, Samuel F. B. Morse, Morse Code,1,1
3237,1843, Nobert Rillieux, Sugar Refining,1,0
3316,1843, Samuel F. B. Morse, telegraphy wire,1,0
3633,1844, Charles Goodyear, Vulcanized Rubber,1,1
4453,1846, Samuel F. B. Morse, telegraph battery,1,0
4750,1846," Elias Howe, Jr.", Sewing Machine,1,1
4834,1846, Benjamin Franklin Palmer, Artificial Limb,1,0
4848,1846, Charles T. Jackson, Anesthesia,1,0
4874,1846, Christian Frederick Schonbein, Gun cotton,1,0
5199,1847, Richard M. Hoe, Rotary Printing Press,1,0
5711,1848, M. Waldo Hanchett, Dental Chair,1,0
5942,1848, John Bradshaw, Sewing Machine,1,0
6099,1849, Morey/Johnson, Sewing Machine,1,0
6281,1849, Walter Hunt, Safety Pin,1,1
6439,1849, John Bachelder, Sewing Machine,1,0
7296,1850, D.M. Smith, Sewing Machine,1,0
7509,1850, J. Hollen, Sewing Machine,1,0
7931,1851, Grover and Baker, Sewing Machine,1,0
8080,1851, John Gorrie, Ice Machine,1,0
8294,1851, Isaac Singer, Sewing Machine,1,0
9300,1852, Lorenzo L. Langstroth, Beehive,1,1
13661,1855, Isaac M. Singer, Shuttle Sewing Machine,1,0
15553,1856," Gail Borden, Jr.", Condensed Milk,1,1
17628,1857, William Kelly, Iron and Steel Manufacturing,1,0
18653,1857, H.N. Wadsworth, Toothbrush,1,0
23536,1859, Martha J. Coston, System of Pyrotechnic Night Signals,1,0
26196,1859, James J. Mapes, Artificial Fertilizer,1,0
31128,1861, Elisha Graves Otis, Elevator,1,1
31278,1861," Linus Yale, Jr.", Lock,1,1
31310,1861, Samuel Goodale, Moving Picture Peep Show Machine,1,0
36836,1862, Richard J. Gatling, Machine Gun,1,0
43465,1864, Sarah Mather, Submarine Telescope,1,0
46454,1865, John Deere, Plow,1,1
53561,1866,Milton Bradley,Board Game,1,1
59915,1866,Pierre Lallement,Bicycle,1,0
78317,1868,Alfred Nobel,Dynamite,1,1
79265,1868,C. Latham Sholes,Typewriter,1,1
79965,1868,Alvin J. Fellows,Spring Tape Measure,1,0
88929,1869,George Westinghouse,Air Brake,1,0
91145,1869,Ives W. McGaffey,Vacuum Cleaner,1,0
110971,1871,Andrew Smith Hallidie,Cable Car,1,0
113448,1871,Mary Potts,Sad Iron,1,1
127360,1872,"J.P. Cooley, S. Noble",Toothpick-making machine,1,0
129843,1872,Elijah McCoy,Improvements in Lubricators for Steam-Engines,1,1
135245,1873,Louis Pasteur,Pasteurization,1,1
141072,1873,Louis Pasteur,Manufacture of Beer and Treatment of Yeast,1,0
157124,1874,Joseph F. Glidden,Barbed Wire,1,1
161739,1875,Alexander Graham Bell,Telephone,1,0
171121,1875,George Green,Dental Drill,1,0
174465,1876,Alexander Graham Bell,Telephone,1,1
178216,1876,Alexander Graham Bell,Telephone,1,0
178399,1876,Alexander Graham Bell,Telephone,1,0
186787,1877,Alexander Graham Bell,Electric Telegraphy,1,0
188292,1877,Chester Greenwood,Ear muffs,1,0
194047,1877,Nicolaus August Otto,Internal Combustion Engine,1,0
200521,1878,Thomas Alva Edison,Phonograph,1,0
201488,1878,Alexander Graham Bell,Telephone,1,0
203016,1878,Thomas Alva Edison,Speaking Telephone,1,0
206112,1878,Thaddeus Hyatt,Reinforced Concrete,1,0
220925,1879,Margaret Knight,Paper-Bag Machine,1,0
222390,1879,Thomas Alva Edison,Improvement in carbon telephones,1,0
223898,1880,Thomas Alva Edison,First Incandescent Light,1,1
224573,1880,Emile Berliner,Microphone,1,0
228507,1880,Alexander Graham Bell,Electric Telephone,1,0
237664,1881,Frederic E. Ives,Halftone Printing Plate,1,0
304272,1884,Ottmar Mergenthaler,Linotype,1,0
312085,1885,Edward J. Claghorn,Seat Belt,1,0
322177,1885,Sarah Goode,Folding Cabinet Bed,1,0
347140,1886,Elihu Thomson,Electric Welder,1,0
349983,1886,Gottlieb Daimler,Four Stroke Combustion Engine,1,0
371496,1887,Dorr E. Felt,Adding Machine,1,0
372786,1887,Emile Berliner,Phonograph Record,1,1
373064,1887,"Carl Gassner, Jr.",Dry Cell Battery,1,0
382280,1888,Nikola Tesla,A. C. Induction Motor,1,0
386289,1888,Miriam Benjamin,Gong and Signal Chair for Hotels,1,0
388116,1888,William S. Burroughs,Calculator,1,1
388850,1888,George Eastman,Roll Film Camera,1,0
395782,1889,Herman Hollerith,Computer,1,1
400665,1889,Charles M. Hall,Aluminum Manufacture,1,1
415072,1889,Starley/Owen,Tandem Bicycle,1,0
430212,1890,Hiram Stevens Maxim,Smokeless Gunpowder,1,1
430804,1890,Herman Hollerith,Electric Adding Machine,1,0
447918,1891,Almon B. Strowger,Telephone Exchange,1,1
453550,1891,John Boyd Dunlop,Pneumatic Tyres,1,0
468226,1892,William Painter,Bottle Cap,1,1
472692,1892,G.C. Blickensderfer,Typewriting Machine,1,0
492767,1893,Edward G. Acheson,Carborundum,1,1
493426,1893,Thomas Alva Edison,Motion Picture,1,0
504038,1893,Whitcomb L. Judson,Zipper,1,0
536569,1895,Charles Jenkins,Phantoscope,1,0
549160,1895,George B. Selden,Automobile,1,0
558393,1896,John Harvey Kellogg,Cereal,1,1
558719,1896,C.B. Brooks,Street Sweeper,1,0
558936,1896,Joseph S. Duncan,Addressograph,1,0
586193,1897,Guglielmo Marconi,Radio,1,1
589168,1897,Thomas A. Edison,Motion Picture Camera,1,0
608845,1898,Rudolf Diesel,Diesel Engine,1,1
621195,1899,Ferdinand Graf Zeppelin,Dirigible,1,1
644077,1900,Felix Hoffmann,Aspirin,1,1
661619,1900,Valdemar Poulsen,Magnetic Tape Recorder,1,1
708553,1902,John P. Holland,Submarine,1,0
743801,1903,Mary Anderson,Windscreen Wiper,1,1
745157,1903,Clyde J. Coleman,Electric Starter,1,0
764166,1904,Albert Gonzales,Railroad Switch,1,0
766768,1904,Michael J. Owens,Glass Bottle Manufacturing,1,1
775134,1904,KC Gillette,Razor (with removable blades),1,1
808897,1906,Willis H. Carrier,Air Conditioning,1,1
815350,1906,John Holland,Submarine,1,0
821393,1906,Orville Wright,Airplane,1,1
841387,1907,Lee De Forest,Triode Vacuum Tube,1,0
921963,1909,Leonard H. Dyer,Automobile Vehicle,1,0
942809,1909,Leo H. Baekeland,Bakelite,1,0
970616,1910,Thomas A. Edison,helicopter (never flown),1,0
971501,1910,Fritz Haber,Ammonia Production,1,1
1000000,1911,Francis Holton,Non-Puncturable Vehicle Tire,1,0
1005186,1911,Henry Ford,Automotive Transmission,1,1
1008577,1911,Ernst F. W. Alexanderson,High Frequency Generator,1,1
1030178,1912,Peter Cooper Hewitt,Mercury Vapor Lamp,1,1
1082933,1913,William D. Coolidge,Tungsten Filament Light Bulb,1,0
1102653,1914,Robert H. Goddard,Rocket,1,0
1103503,1914,Robert Goddard,Rocket Apparatus,1,0
1113149,1914,Edwin H. Armstrong,Wireless Receiver,1,0
1155674,1914,Mary P. Jacob,Brassiere,1,0
1180159,1916,Irving Langmuir,Gas Filled Electric Lamp,1,1
1203495,1916,William D. Coolidge,X-Ray Tube,1,1
1211092,1917,William Coolidge,X-Ray Tube,1,0
1228388,1917,Frederick C Bargar,Fire Extinguisher,1,0
1254811,1918,Charles F Kettering,Engine Ignition,1,0
1279471,1918,Elmer A. Sperry,Gyroscopic Compass,1,0
1360168,1920,Ernst Alexanderson,Antenna,1,0
1394450,1921,Charles P Strite,Bread Toaster,1,0
1413121,1922,John Arthur Johnson,Adjustable Wrench,1,0
1420609,1922,Glenn H. Curtiss,Hydroplane,1,0
1573846,1926,"Thomas Midgley, Jr.",Ethyl Gasoline,1,0
1682366,1928,Charles F. Brannock,Foot Measuring Device,1,1
1699270,1929,John Logie Baird,Television / TV,1,0
1773079,1930,Clarence Birdseye,Frozen Food,1,1
1773080,1930,Clarence Birdseye,Frozen Food,1,0
1773980,1930,Philo T. Farnsworth,Television,1,1
1800156,1931,Erik Rotheim,Aerosol Spray Can,1,0
1821525,1931,Nielsen Emanuel,Hair Dryer,1,0
1835031,1931,Herman Affel,Coaxial cable,1,1
1848389,1932,Igor Sikorsky,Helicopter,1,0
1867377,1932,Otto F Rohwedder,Bread-Slicing Machine,1,0
1925554,1933,John Logie Baird,Color Television,1,0
1992453,1933,Waldo Semon,Rubber,1,0
1941066,1933,Edwin H. Armstrong,FM Radio,1,0
1948384,1934,Ernest O. Lawrence,Cyclotron,1,1
1949446,1934,William Burroughs,Adding and Listing Machine,1,0
1980972,1934,Lyndon Frederick,Krokdil,1,0
2021907,1935,Vladimir K. Zworykin,Television,1,0
2059884,1936,Leopold D. Mannes,Color Film,1,0
2071250,1937,Wallace H. Carothers,Nylon,1,0
2087683,1937,PT Farnsworth,Image Dissector,1,0
2153729,1939,Ernest H. Volwiler,Pentothal (General Anesthetic),1,1
2188396,1940,Waldo Semon,Rubber,1,1
2206634,1940,Enrico Fermi,Radioactive Isotopes,1,0
2230654,1941,Roy J. Plunkett,TEFLON,1,1
2258841,1941,Jozsef Bir—Laszlo,Fountain Pen,1,0
2292387,1942,Markey/Antheil,Secret Communication System,1,1
2297691,1942,Chester F. Carlson,Xerography,1,1
2329074,1943,Paul Muller,DDT - Insecticide,1,0
2390636,1945,Ladislao Biro,Ball Point Pen,1,1
2404334,1946,Frank Whittle,Jet Engine,1,1
2436265,1948,Allen Du Mont,Cathode Ray Tube,1,0
2451804,1948,Donald L. Campbell,Fluid Catalytic Cracking,1,1
2495429,1950,Percy Spencer,Microwave,1,0
2524035,1950,John Bardeen,Transistor,1,1
2543181,1951,Edwin H. Land,Instant Photography,1,1
2569347,1951,William Shockley,Junction Transistor,1,0
2642679,1953,Frank Zamboni,Resurfacing Machine,1,1
2668661,1954,George R. Stibitz,Modern Digital Computer,1,1
2682050,1954,Andrew Alford,Radio Navigation System,1,1
2682235,1954,Richard Buckminster Fuller,Geodesic Dome,1,0
2691028,1954,Frank B. Colton,First Oral Contraceptive,1,1
2699054,1955,Lloyd H. Conover,Tetracycline,1,1
2708656,1955,Enrico Fermi,Atomic Reactor,1,1
2708722,1955,An Wang,Magnetic Core Memory,1,1
2717437,1955,George De Mestral,Velcro,1,1
2724711,1955,Gertrude Elion,Leukemia-fighting drug 6-mercaptopurine,1,0
2752339,1956,Percy L. Julian,Preparation of Cortisone,1,1
2756226,1956,"Ernst Brandl, Hans Margreiter",Oral Penicillin,1,0
2797183,1957,Hazen/ Brown,Nystatin,1,1
2816721,1957,R. J. Taylor,Rocket Engine,1,0
2817025,1957,Robert Adler,TV remote control,1,1
2835548,1958,Robert C. Baumann,Satellite,1,0
2866012,1958,Charles P. Ginsburg,Video Tape Recorder,1,0
2879439,1959,Charles H. Townes,Maser,1,1
2929922,1960,Arthur L. Schawlow,Laser,1,1
2937186,1960,Burckhalter/Seiwald,Antibody Labelling Agent,1,1
2947611,1960,Francis P. Bundy,Diamond Synthesis,1,1
2956114,1960,Charles P. Ginsburg,Wideband Magnetic Tape System,1,1
2981877,1961,Robert N. Noyce,Semiconductor Device,1,1
3057356,1962,Greatbatch Wilson,Pacemaker,1,1
3093346,1963,Maxime A. Faget,First Manned Space Capsule-Mercury,1,0
3097366,1963,Paul Winchell,Artificial Heart,1,0
3118022,1964,Gerhard M. Sessler,Electret Microphone,1,1
3156523,1964,Glenn T. Seaborg,Americium (Element 95),1,0
3174267,1965,"Edward C Bopf, Deere & Co",Cotton Harvester,1,0
3220816,1965,Alastair Pilkington,Manufacture of Flat Glass,1,0
3287323,1966,"Stephanie Kwolek, Paul Morgan",Kevlar,1,0
3478216,1969,George Carruthers,Far-Ultraviolet Camera,1,1
3574791,1971,Patsy Sherman,Scotchguard,1,1
3663762,1972,Edward Joel Amos Jr,Cellular Telephone,1,1
3789832,1974,Raymond V. Damadian,MRI,1,1
3858232,1974,William Boyle,Digital Eye,1,1
3906166,1975,Martin Cooper,Cellular Telephone,1,0
4136359,1979,"Stephen Wozniak, Apple",Microcomputer for use with video display,1,1
4229761,1980,Valerie Thomas,Illusion Transmitter,1,0
4237224,1980,Boyer/Cohen,Molecular chimeras,1,1
4363877,1982,Howard M. Goodman,Human Growth Hormone,1,0
4371752,1983,Gordon Matthews,Digital Voice Mail System,1,0
4399126,1983,Richard Axel,Co-transformation,1,0
4437122,1984,Walsh/Halpert,bitmap (raster) graphics,1,0
4464652,1984,Apple,Lisa Mouse,1,0
4468464,1984,Boyer/Cohen,Molecular chimeras,1,0
4590598,1986,Gordon Gould,Laser,1,0
4634665,1987,Richard Axel,Co-transformation,1,0
4683195,1987,Kary B. Mullis,polymerase chain reaction,1,0
4683202,1987,(several),polymerase chain reaction,1,1
4736866,1988,Leder/Stewart,transgenic (genetically modified) animals,1,0
4744360,1988,Patricia Bath,Cataract Laserphaco Probe,1,1
4816397,1989,Michael A. Boss,recombinant antibodies,1,0
4816567,1989,Shmuel Cahilly,immunoglobulins,1,0
4838644,1989,Ellen Ochoa,Recognizing Method,1,0
4889818,1989,(several),polymerase chain reaction,1,0
4965188,1990,(several),polymerase chain reaction,1,0
5061620,1991,(several),Method for isolating the human stem cell,1,0
5071161,1991,Geoffrey L. Mahoon,Airbag,1,0
5108388,1992,Stephen L. Troke,Laser Surgery Method,1,0
5149636,1992,Richard Axel,Co-transformation,1,0
5179017,1993,Richard Axel,Co-transformation,1,0
5184830,1993,"Saturo Okada, Shin Kojo",Compact Hand-Held Video Game System,1,0
5194299,1993,Arthur Fry,Post-It Note,1,1
5225539,1993,Gregory P. Winter,"Chimeric, humanized antibodies",1,0
5272628,1993,Michael Koss,Core Excel Function,1,0
5747282,1998,Mark H. Skolnick,isolating BRCA1 gene,1,0
5770429,1998,Nils Lonberg,human antibodies from transgenic mice,1,0
5837492,1998,(several),isolating BRCA2 gene,1,0
5939598,1999,(several),Transgenic mice,1,0
5960411,1999,"Peri Hartman, Jeff Bezos",1-click buying,1,0
6230409,2001,Patricia Billings,Geobond,1,0
6285999,2001,Larry Page,Google Pagerank,1,0
6331415,2001,Shmuel Cabilly,Antibody molecules,1,0
6455275,2002,Richard Axel,Co-transformation,1,0
1569247,,James Abercrombie,Blowout Preventer (BOP),0,1
615648,,Edward Goodrich Acheson,Carborundum,0,1
3228831,,Stewart Adams,Ibuprofen,0,1
4405829,,Leonard Adleman,RSA Cryptography,0,1
2616626,,Howard Aiken,Automatic Sequence Controlled Calculator (Mark I),0,1
5961804,,Jonathan D. Albert,Electronic Ink,0,1
4472728,,George Edward Alcorn,X-Ray Spectrometer,0,1
3010223,,Samuel Alderson,Crash Test Dummy,0,1
5811097,,James Allison,Immune Checkpoint Blockade Therapy,0,1
408681,,Samuel Leeds Allen,Flexible Flyer Sled,0,1
2480208,,Luis Walter Alvarez,Radio Distance and Direction Indicator,0,1
5527628,,Iver Anderson,Lead-Free Solder,0,1
5595568,,R. Rox Anderson,Laser Dermatology,0,1
4606960,,J. Roger P. Angel,Lightweight Mirrors for Astronomical Telescopes,0,1
580749,,Thomas J. Armat,Vitascope,0,1
1342885,,Edwin Howard Armstrong,FM Radio,0,1
4474245,,Don Arney,Bambi Bucket® for Aerial Firefighting,0,1
6153410,,Frances Arnold,Directed Evolution of Enzymes,0,1
7197462,,Chieko Asakawa,Home Page Reader,0,1
3710279,,Arthur Ashkin,Optical Trapping,0,1
4893886,,Arthur Ashkin,Optical Trapping,0,1
3206670,,Martin (John) M. Atalla,MOSFET,0,1
65042,,George H. Babcock,Improvement in Steam Generators,0,1
2957756,,Roger Bacon,High-Performance Carbon Fibers,0,1
942699,,Leo Hendrik Baekeland,Bakelite,0,1
3476858,,John Baer,Thiazide Diuretics (Chlorothiazide),0,1
3728480,,Ralph H. Baer,Video Games,0,1
3790654,,Rodney D. Bagley,Ceramic Substrate in Catalytic Converters,0,1
6787308,,Shankar Balasubramanian,Sequencing-by-Synthesis (SBS),0,1
4969028,,Bantval Jayant Baliga,Insulated Gate Bipolar Transistor,0,1
5998833,,Bantval Jayant Baliga,Insulated Gate Bipolar Transistor,0,1
2825721,,Robert Banks,High-Density Polyethylene and Polypropylene Plastics,0,1
1469994,,Frederick Banting,"Isolated, Purified Insulin",0,1
4438511,,Paul Baran,Digital Packet Switching,0,1
2502488,,John Bardeen,Transistor,0,1
9879269,,Rodolphe Barrangou,CRISPR-enhanced Food Products,0,1
9951342,,Rodolphe Barrangou,CRISPR-enhanced Food Products,0,1
3922637,,C. Donald Bateman,Ground Proximity Warning System,0,1
594059,,Andrew J. Beard,Jenny Coupler for Railroad Cars,0,1
2058761,,Arnold O. Beckman,pH Meter,0,1
2048487,,Semi Joseph Begun,Magnetic Recording,0,1
2048488,,Semi Joseph Begun,Magnetic Recording,0,1
3432252,,Ruth Benerito,Wrinkle-Free Cotton,0,1
2721271,,Willard H. Bennett,Radio Frequency Mass Spectrometer,0,1
385087,,Carl Benz,Modern Automobile,0,1
3253262,,Evelyn Berezin,Computer Systems for Business Use,0,1
463569,,Emile Berliner,Gramophone / Microphone,0,1
7807619,,Carolyn Bertozzi,Bioorthogonal Chemistry,0,1
16082,,Henry Bessemer,Bessemer Process,0,1
7535012,,Eric Betzig,Photoactivated Localization Microscopy (PALM),0,1
2789938,,Karl H. Beyer Jr.,Thiazide Diuretics (Chlorothiazide),0,1
169,,Erastus B. Bigelow,Power Loom,0,1
453140,,Edwin Binney,Manufacturing Lamp Black,0,1
4343993,,Gerd Karl Binnig,Scanning Tunneling Microscope,0,1
3068856,,Forrest M. Bird,Medical Respirator,0,1
3191596,,Forrest M. Bird,Medical Respirator,0,1
3842828,,Forrest M. Bird,Medical Respirator,0,1
2913510,,John Birden,Radioisotope Thermoelectric Generator (RTG),0,1
3559190,,Donald L. Bitzer,Plasma Display,0,1
2102671,,Harold Stephen Black,Negative Feedback Amplifier,0,1
1245860,,S. Duncan Black,Portable Hand-Held Electric Drill,0,1
20542,,Eli Whitney Blake,Machine for Crushing Stone,0,1
141987,,Helen Blanchard,Zig-Zag Sewing Machine,0,1
5518988,,Sylvia Blankenship,"1-MCP for Fruit, Vegetable and Flower Freshness",0,1
2220860,,Katharine Burr Blodgett,Langmuir-Blodgett Films,0,1
4784135,,Samuel E. Blum,Excimer Laser Surgery,0,1
3636191,,Baruch S. Blumberg,Vaccine for Hepatitis B,0,1
3872225,,Baruch S. Blumberg,Vaccine for Hepatitis B,0,1
7337,,James Bogardus,Iron Buildings,0,1
3043625,,Nils I. Bohlin,Safety Belt,0,1
3023824,,Joseph-Armand Bombardier,Snowmobile,0,1
7450806,,Dana Bookbinder,Bend-Insensitive Optical Fiber,0,1
7903917,,Dana Bookbinder,Bend-Insensitive Optical Fiber,0,1
8385701,,Dana Bookbinder,Bend-Insensitive Optical Fiber,0,1
990191,,Carl Bosch,Process of Producing Ammonia,0,1
4494074,,Amar Bose,Feedback Control,0,1
3472712,,Robert W. Bower,Self-Aligned Gate MOSFET,0,1
3793750,,William Bowerman,Modern Athletic Shoe,0,1
2891227,,Otis Boykin,Electronic Resistors,0,1
1266766,,Jacques E. Brandenberger,Cellophane,0,1
4988299,,Per-Ingvar Brånemark,Modern Dental Implant,0,1
3807657,,Yvonne Brill,Electrothermal Hydrazine Resistojet,0,1
4235893,,Angela Hartley Brodie,Aromatase Inhibitors,0,1
4017168,,Garrett W. Brown,Steadicam® Camera Stabilizer,0,1
220271,,John Moses Browning,Breech-Loading Firearm,0,1
203411,,Charles F. Brush,Arc Lamp for Street Lighting,0,1
5639850,,Robert Bryant,LaRC-SI (Langley Research Center-Soluble Imide),0,1
5741883,,Robert Bryant,LaRC-SI (Langley Research Center-Soluble Imide),0,1
6048959,,Robert Bryant,LaRC-SI (Langley Research Center-Soluble Imide),0,1
1699133,,Edward W. Bullard,Hard Hat,0,1
4418691,,John Francis Burke,Regenerated Skin,0,1
1049667,,William Meriam Burton,Catalytic Cracking,0,1
2032253,,Vannevar Bush,Differential Analyzer,0,1
76157,,Edward A. Calahan,Stock Ticker,0,1
1227113,,George Ashley Campbell,Electric Wave Filter,0,1
2351004,,Marvin Camras,Magnetic Recording,0,1
2130947,,Wallace Hume Carothers,Synthetic Rubber,0,1
2130948,,Wallace Hume Carothers,Synthetic Rubber,0,1
4415732,,Marvin Caruthers,Chemical Synthesis of DNA,0,1
4458066,,Marvin Caruthers,Chemical Synthesis of DNA,0,1
1522176,,George Washington Carver,Peanut Products,0,1
1541478,,George Washington Carver,Peanut Products,0,1
3460378,,Frank J. Cepollina,Satellite Servicing Techniques,0,1
6574628,,Vinton G. Cerf,Transmission Control Protocol / Internet Protocol,0,1
2780765,,Daryl Chapin,Silicon Solar Cell,0,1
3423290,,Emmett W. Chappelle,Bioluminescence Techniques,0,1
3722002,,John Charnley,Acetabular Sockets,0,1
10266850,,Emmanuelle Charpentier,CRISPR-Cas9 Gene Editing,0,1
6051757,,Mary-Dell Chilton,Transgenic Plant,0,1
3830654,,Alfred Y. Cho,Molecular Beam Epitaxy (MBE),0,1
1552113,,Edith Clarke,Graphical Calculator,0,1
1189664,,Georges Claude,Neon Tubing,0,1
355139,,Josephine Garis Cochran,Dishwasher,0,1
2725389,,Frank B. Colton,Oral Contraceptives,0,1
5046022,,Lynn Conway,Very Large-Scale Integration (VLSI),0,1
6276705,,Rory Cooper,Wheelchair Technology,0,1
8264458,,Rory Cooper,Wheelchair Technology,0,1
2768109,,Harry W. Coover,Superglue,0,1
177377,,George Henry Corliss,Improvements in the Steam Engine,0,1
177059,,George Henry Corliss,Improvements in the Steam Engine,0,1
115935,,Martha Coston,Signal Flares used by Ships,0,1
895729,,Frederick G. Cottrell,Electrostatic Precipitator,0,1
2656508,,Wallace Coulter,Coulter Principle,0,1
2485039,,Jacques-Yves Cousteau,Diving Equipment,0,1
1113312,,Joshua Lionel Cowen,Toy Train,0,1
510565,,Eckley B. Coxe,Traveling-Grate Furnace,0,1
4128880,,Seymour Cray,Supercomputer,0,1
7599359,,Marian Croak,VoIP (Voice over Internet Protocol) Technology,0,1
11933,,George Crompton,Loom,0,1
1727965,,David Crosthwait,Heating and Ventilation System Design,0,1
1170965,,Glenn Hammond Curtiss,Hydroaeroplane,0,1
4105776,,David Wayne Cushman,Captopril,0,1
153245,,Gottlieb Daimler,Design of Automobile and Motorcycle Engines,0,1
8649899,,Raffaello D'Andrea,Mobile Robotic Material Handling for Order Fulfillment,0,1
5291560,,John G. Daugman,Iris Recognition Algorithm,0,1
4799258,,Donald Watts Davies,Digital Packet Switching,0,1
4528626,,Mark Dean,Peripherals,0,1
879532,,Lee de Forest,Audion Amplifier,0,1
3387286,,Robert H. Dennard,Dynamic Random Access Memory (DRAM),0,1
2988237,,George Devol,Industrial Robot,0,1
538663,,Albert B. Dick,Duplicating Machine,0,1
1612267,,Earle Dickson,BAND-AID® Brand Adhesive Bandages,0,1
4200770,,Whitfield Diffie,Public-Key Cryptography,0,1
5514646,,Richard DiMarchi,Insulin LisPro (Humalog®),0,1
2201689,,Walt Disney,Multiplane Camera,0,1
2744122,,Carl Djerassi,Oral Contraceptives,0,1
3846719,,Ray Dolby,Dolby Noise Reduction,0,1
2556800,,Marion Donovan,Waterproof Diaper Cover,0,1
RE12232,,Herbert Henry Dow,Bromine Extraction,0,1
2752790,,Charles Stark Draper,Stabilizing Gyroscope,0,1
7465871,,Mildred Dresselhaus,Superlattice Structures for Thermoelectric Devices,0,1
2389355,,Charles Richard Drew,Blood Plasma Preservation,0,1
1760820,,Richard Gurley Drew,Adhesive Tape,0,1
1834580,,Philip Drinker,Respiration Apparatus,0,1
435995,,John Boyd Dunlop,Pneumatic Tire for Cycles,0,1
3950333,,Graham J. Durant,Tagamet - Cimetidine,0,1
4024271,,Graham J. Durant,Tagamet - Cimetidine,0,1
83942,,James Buchanan Eads,American Infrastructure and Defense,0,1
170832,,James Buchanan Eads,American Infrastructure and Defense,0,1
226503,,George Eastman,Dry Plate Photography System,0,1
3789409,,Roger Easton,TIMATION Satellite Navigation System,0,1
2577141,,J. Presper Eckert,ENIAC,0,1
2478903,,Harold E. Edgerton,Stroboscope,0,1
812554,,Alfred Einhorn,Novocain,0,1
1592628,,Willem Einthoven,Electrocardiograph,0,1
2884667,,Gertrude Belle Elion,Anti-Leukemia Drugs,0,1
1390689,,Carleton van Staal Ellis,Margarine,0,1
3983140,,Akira Endo,Mevastatin,0,1
3541541,,Douglas Engelbart,Computer Mouse,0,1
588,,John Ericsson,Screw Propeller,0,1
1001260,,Ole Evinrude,Outboard Motor,0,1
3702688,,Maxime Faget,Space Capsule Design,0,1
3821715,,Federico Faggin,Microprocessor,0,1
8920,,Moses G. Farmer,Electric Fire Alarm System,0,1
3731986,,James L. Fergason,Liquid Crystal Display,0,1
706747,,Reginald A. Fessenden,AM Radio,0,1
646274,,Harvey Firestone,Pneumatic Rubber Tires,0,1
4310440,,Edith Flanigen,Molecular Sieves,0,1
4641349,,Leonard Flom,Iris Recognition System,0,1
3435826,,Thomas J. Fogarty,Embolectomy Catheter,0,1
4164560,,M. Judah Folkman,Angiogenesis Inhibition,0,1
2736880,,Jay W. Forrester,Random Access Memory,0,1
5471515,,Eric R. Fossum,CMOS Active Pixel Image Sensor Camera-on-a-Chip,0,1
3799758,,John E. Franz,Glyphosate Herbicide,0,1
2848308,,Alfred H. Free,Glucose Detection for Diabetes,0,1
2912309,,Helen M. Free,Glucose Detection for Diabetes,0,1
4870302,,Ross Freeman,Field Programmable Gate Array (FPGA),0,1
3104641,,Harold Froehlich,Alvin Deep-Sea Submersible,0,1
3744036,,Dov  Frohman-Bentchkowsky,Electrically Programmable Read-Only Memory Array,0,1
2452919,,Dennis Gabor,Electron Holography,0,1
5780860,,Ashok Gadgil,Water Disinfecting Device,0,1
4708818,,Robert Gallo,HIV Virus Isolation and Diagnosis,0,1
5102853,,Haren Gandhi,Automotive Exhaust Catalysts,0,1
2182732,,Edmund Germer,Fluorescent Lamp,0,1
2202199,,Edmund Germer,Fluorescent Lamp,0,1
2709773,,Ivan Getting,Global Positioning System,0,1
2702035,,John Gibbon,Heart-Lung Machine,0,1
2397657,,Robert Hutchings Goddard,Solid Fuel Rockets,0,1
3503060,,William A. Goddard,Magnetic Disk Drive,0,1
1997493,,"Leopold Godowsky, Jr.",Kodachrome® Film,0,1
2950116,,Peter C. Goldmark,Long-Playing (LP) Record,0,1
8064835,,Andrea Goldsmith,Adaptive Beamforming for Multi-Antenna Wi-Fi,0,1
610861,,Hannibal Goodwin,Transparent Flexible Nitrocellulose Film,0,1
3953566,,Robert W. Gore,"ePTFE, Known by the GORE-TEX® Brand Name",0,1
4053845,,Gordon Gould,Optically Pumped Laser Amplifiers,0,1
4704583,,Gordon Gould,Optically Pumped Laser Amplifiers,0,1
120057,,Zenobe Theophile Gramme,Direct-Current Dynamo,0,1
461470,,Elisha Gray,Telegraphic Instruments,0,1
2478967,,Leonard Michael Greene,Aircraft Stall Warning Device,0,1
1859624,,Leroy Grumman,Retractable Landing Gear; Folding Wing,0,1
2812709,,Robert Gundlach,Modern Photocopier,0,1
6590928,,Jaap C. Haartsen,Bluetooth® Wireless Technology,0,1
2947610,,H. Tracy Hall,Diamond Synthesis,0,1
2107697,,Lloyd Augustus Hall,Food Preservatives,0,1
2994018,,Robert N. Hall,Semiconductor Laser,0,1
89308,,Thomas Seavey Hall,Improvement in Electrical Signals,0,1
100140,,Andrew Smith Hallidie,Cable Car,0,1
1295741,,"John Hays Hammond, Jr.",Radio Control,0,1
2284896,,William Edward Hanford,Polyurethane,0,1
4115914,,Eli Harari,Floating Gate EEPROM,0,1
5297148,,Eli Harari,Floating Gate EEPROM,0,1
2967845,,W. Lincoln Hawkins,Polymer Cable Sheath,0,1
2694580,,Howard Head,Laminate Ski; Oversized Tennis Racket,0,1
3999756,,Howard Head,Laminate Ski; Oversized Tennis Racket,0,1
4202340,,M. Stephen Heilman,Implantable Heart Defibrillator,0,1
3499112,,George Heilmeier,Electro-Optic Liquid Crystal Device,0,1
611907,,Francois Hennebique,Reinforced-Concrete Construction,0,1
1037762,,Beulah Louise Henry,Various Inventions for Daily Use,0,1
2268872,,William R. Hewlett,Audio Oscillator,0,1
3046369,,Beatrice Hicks,Device for Sensing Gas Density,0,1
2144111,,Andrew Higgins,"LCVP (Landing Craft, Vehicle, Personnel); Higgins Boats",0,1
2341866,,Andrew Higgins,"LCVP (Landing Craft, Vehicle, Personnel); Higgins Boats",0,1
2790362,,Rene Alphonse Higonnet,Photo Composing Machine,0,1
3555149,,Maurice Ralph Hilleman,Vaccines,0,1
4459286,,Maurice Ralph Hilleman,Vaccines,0,1
2455676,,James  Hillier,Electron Microscope Lens Correction Device,0,1
2629,,Richard Hoe,Double-Cylinder Printing Press,0,1
3025589,,Jean A. Hoerni,Method of Manufacturing Semiconductor Devices,0,1
472670,,John Phillip Holland,Submarine,0,1
395781,,Herman Hollerith,Punch Card Tabulator,0,1
395783,,Herman Hollerith,Punch Card Tabulator,0,1
86303,,Alexander L. Holley,Steelmaking Process in America,0,1
94746,,"Birdsill Holly, Jr.",Modern-Day Fire Hydrant,0,1
3249473,,"Nick Holonyak, Jr.",LED,0,1
874008,,Benjamin Holt,Track-Type Tractor,0,1
6141060,,Stan Honey,Sports Broadcast Graphic Enhancements,0,1
5171534,,Leroy Edward Hood,DNA Sequencer,0,1
3623007,,Erna Schneider Hoover,Computerized Telephone Switching,0,1
5061049,,Larry Hornbeck,Digital Micromirror Device,0,1
1837963,,Eugene Houdry,Catalytic Cracking,0,1
3965357,,Godfrey Newbold Hounsfield,CT Scan,0,1
652313,,George Hulett,Loading and Unloading Machine,0,1
4575330,,Charles Hull,Stereolithography (3-D Printing),0,1
88633,,John Wesley Hyatt,Celluloid,0,1
2272342,,J. Franklin Hyde,Transparent Silica,0,1
112254,,Simon Ingersoll,Steam-Powered Rock Drill,0,1
1145143,,Frederic Eugene Ives,Color Photography,0,1
4901307,,Irwin Mark Jacobs,CDMA Technology,0,1
6124851,,Joseph M. Jacobson,Electronic Ink,0,1
3149290,,Ali Javan,Helium-Neon Laser,0,1
2587623,,Allene Jeanes,Dextran Production; Xanthan Gum,0,1
3000790,,Allene Jeanes,Dextran Production; Xanthan Gum,0,1
5413908,,Alec Jeffreys,Genetic Fingerprinting,0,1
671111,,Charles Jenkins,Motion Picture Projector,0,1
3306x,,Thomas Jennings,Dry Scouring,0,1
7166791,,Steve Jobs,iPod User Interface®,0,1
2771740,,Clarence Johnson,Afterburning Means for Turbo-Jet Engines,0,1
5132826,,Kristina M. Johnson,Polarization-Control Technology,0,1
4591071,,Lonnie Johnson,Super Soaker®,0,1
542733,,Warren S. Johnson,Temperature Control,0,1
281884,,Warren S. Johnson,Temperature Control,0,1
2303857,,Frederick McKinley Jones,Mobile Refrigeration,0,1
4010470,,"Howard S. Jones, Jr.",Conformal Antennas,0,1
4676586,,Marshall Jones,Industrial Lasers,0,1
1693515,,Marjorie Stewart Joyner,Permanent Wave Machine,0,1
3102230,,Dawon Kahng,MOSFET,0,1
2668595,,Charles H. Kaman,Rotor Control Mechanism for Helicopter,0,1
3858581,,Dean Kamen,AutoSyringe® Ambulatory Infusion Pump,0,1
4031893,,Sheldon Kaplan,EpiPen® Auto-Injector,0,1
8278036,,Katalin Karikó,Modified mRNA Technology Used in COVID-19 Vaccines,0,1
3659915,,Donald B. Keck,Optical Fiber,0,1
3711262,,Donald B. Keck,Optical Fiber,0,1
3151503,,Cyril Keller,Bobcat® Skid-Steer Loader,0,1
3589363,,Charles D. Kelman,Cataract Surgery,0,1
451384,,Clarence Kemp,Passive Solar Water Heater,0,1
1150523,,Charles Franklin Kettering,Electrical Ignition System,0,1
1171055,,Charles Franklin Kettering,Electrical Ignition System,0,1
3138743,,Jack S. Kilby,Integrated Circuit,0,1
947242,,Albert Kingsbury,Thrust Bearing,0,1
2121802,,Dale Kleist,Fiberglass,0,1
7297486,,David Klenerman,Sequencing-by-Synthesis (SBS),0,1
RE9202,,Margaret E. Knight,Machine for Making Flat-Bottom Paper Bags,0,1
4901221,,Jeff Kodosky,Virtual Instrumentation - LabVIEW™,0,1
3641591,,Willem J. Kolff,Artificial Heart,0,1
2036581,,Paul Kollsman,Altimeter,0,1
2205854,,William J. Kroll,Titanium Production,0,1
6199042,,Raymond Kurzweil,Optical Character Recognition,0,1
3819587,,Stephanie Louise Kwolek,Kevlar® Fiber,0,1
RE30352,,Stephanie Louise Kwolek,Kevlar® Fiber,0,1
3885977,,Irwin M. Lachman,Ceramic Substrate in Catalytic Converters,0,1
4391797,,"Robert S. Langer, Jr.",Controlled Drug Delivery,0,1
4757128,,"Robert S. Langer, Jr.",Controlled Drug Delivery,0,1
252386,,Lewis Latimer,Durable Carbon Filament for Electric Light Bulbs,0,1
5081992,,Paul Christian Lauterbur,Magnetic Resonance Imaging,0,1
4034197,,Victor B. Lawrence,Signal Processing in Telecommunications,0,1
4213187,,Victor B. Lawrence,Signal Processing in Telecommunications,0,1
1944139,,William P. Lear,Car Radio,0,1
5181198,,Joseph Lechleider,DSL - Digital Subscriber Line,0,1
3922552,,Robert S. Ledley,CT Scan,0,1
524042,,Joseph Lee,Bread Machines,0,1
540553,,Joseph Lee,Bread Machines,0,1
6108703,,Tom Leighton,Content Delivery Network,0,1
569789,,Henry M. Leland,Interchangeable Parts for Automobiles,0,1
5077210,,Frances Ligler,Portable Optical Biosensors,0,1
4174717,,Lisa Lindahl,Sports Bra,0,1
1825462,,Edwin A. Link,Flight Simulator,0,1
6671821,,Barbara Liskov,Programming Languages and System Design,0,1
609154,,Oliver Joseph Lodge,Electric Telegraphy,0,1
2884628,,Alfred L. Loomis,LORAN,0,1
591858,,Auguste-Marie Lumiere,Cinematographe,0,1
4206892,,Paul B. MacCready,Gossamer Condor,0,1
3895966,,John Macdougall,Ion Implantation,0,1
1651032,,Stanley Macomber,Open Web Joist,0,1
7360422,,Asad Madni,MEMS Gyroscope for Aerospace and Automotive Safety,0,1
3353115,,Theodore Harold Maiman,Laser,0,1
4115730,,Peter Mansfield,Magnetic Resonance Imaging,0,1
1788533,,Warren Marrison,Quartz Clock,0,1
22186,,John L. Mason,Mason Jar,0,1
274207,,Jan Ernst Matzeliger,Shoe-Lasting Machine,0,1
499302,,Wilhelm Maybach,Explosion and Combustion Motor,0,1
668111,,Wilhelm Maybach,Explosion and Combustion Motor,0,1
4469099,,James McEwen,Automatic Surgical Tourniquet,0,1
2450436,,Otis Ray McIntire,STYROFOAM™ Brand Foam,0,1
2853968,,Malcom McLean,Containerized Shipping,0,1
3994711,,Harold McMaster,Tempered Glass,0,1
3959774,,Carver Mead,Very Large-Scale Integration (VLSI),0,1
317828,,Ottmar Mergenthaler,Linotype Composing Machine,0,1
4063220,,Robert M. Metcalfe,Ethernet,0,1
6770074,,Gary K. Michelson,Spinal Surgical Devices,0,1
1491998,,"Thomas Midgley, Jr.",Ethyl Gasoline,0,1
371207,,Alexander Miles,Improved Method for Opening and Closing Elevators,0,1
15160,,Lewis Miller,Improvement in Mowing Machines,0,1
6730156,,Sumita Mitra,Nanocomposite Dental Materials,0,1
6572693,,Sumita Mitra,Nanocomposite Dental Materials,0,1
6387981,,Sumita Mitra,Nanocomposite Dental Materials,0,1
4314081,,Bryan B. Molloy,Prozac,0,1
3475623,,Robert A. Moog,Moog Synthesizer,0,1
3108359,,Gordon Moore,Method for Fabricating Transistors,0,1
1090936,,Garrett Morgan,The Gas Mask; Three-way Traffic Signal,0,1
1475024,,Garrett Morgan,The Gas Mask; Three-way Traffic Signal,0,1
2442141,,Andrew J. Moyer,Method for Production of Penicillin,0,1
2443989,,Andrew J. Moyer,Method for Production of Penicillin,0,1
3445567,,Joseph Muhler,Stannous Fluoride Toothpaste,0,1
3013656,,"William P. Murphy, Jr.",Disposable Medical Trays,0,1
517960,,George Washington Murray,Agricultural Machinery,0,1
913754,,Thomas E. Murray,Electric Fuse Box,0,1
212865,,Eadweard Muybridge,Stop-Action Photography,0,1
5290393,,Shuji Nakamura,Blue LED,0,1
2876166,,William Nebergall,Stannous Fluoride Toothpaste,0,1
623811,,Walther H. Nernst,Metallic Filament Incandescent Lamp,0,1
1811959,,Rev. Julius Arthur Nieuwland,"C.S.C., Synthetic Rubber",0,1
3134718,,Arthur Nobile,Prednisone,0,1
2406506,,John K. Northrop,Flying Wing Plane; All-Metal High-Wing Monocoque Airplane (Vega),0,1
2809194,,Frederick Novello,Thiazide Diuretics (Chlorothiazide),0,1
2801281,,Bernard Oliver,Pulse Code Modulation,0,1
3161861,,Kenneth H. Olsen,Magnetic Core Memory,0,1
365701,,Nicolaus August Otto,Gas-Motor Engine,0,1
4623597,,Stanford R. Ovshinsky,Nickel-Metal Hydride Battery,0,1
76654,,Charles G. Page,High-Voltage Induction Coil,0,1
4925572,,David Pall,Leukocyte Reduction Filter,0,1
4733665,,Julio C. Palmaz,Intravascular Stent,0,1
2448908,,Louis W. Parker,Television Receiver,0,1
5572218,,Bradford Parkinson,Global Positioning System,0,1
2185987,,James A. Parsons Jr.,Durimet 20 (Alloy 20) Stainless Steel Alloy,0,1
2820187,,John T. Parsons,Numerical Control,0,1
3596202,,C. Kumar N. Patel,Carbon Dioxide Laser,0,1
3018680,,Les Paul,Solid-Body Electric Guitar,0,1
5345599,,Arogyaswami Paulraj,MIMO Wireless Technology,0,1
233692,,Lester A. Pelton,Water Wheel,0,1
1996171,,Mary Engle Pennington,Food Preservation and Storage,0,1
5086428,,Radia Perlman,Robust Network Routing and Bridging,0,1
7339900,,Radia Perlman,Robust Network Routing and Bridging,0,1
2046343,,Henry Phillips,Phillips Screw,0,1
88507,,Thomas R. Pickering,Improved Velocipede,0,1
2719188,,John Pierce,Communications Satellite,0,1
2666015,,Gregory Pincus,Oral Contraceptive,0,1
3140249,,Charles J. Plank,Zeolite Catalyst for Catalytic Cracking,0,1
103501,,Mary Florence Potts,Cold-Handle Sad Iron,0,1
42182,,George M. Pullman,Pullman Car,0,1
761995,,Michael Pupin,Loading Coil for Long Distance Telephony,0,1
6664298,,Jacqueline  Quinn,EZVI (Emulsified Zero-Valent Iron),0,1
2933246,,Jacob Rabinow,Optical Character Reading,0,1
2519603,,Grote Reber,Radio Telescope,0,1
660924,,Louis Renault,Automobiles,0,1
470918,,Jesse Wilford Reno,Escalator,0,1
7365844,,Rebecca Richards-Kortum,Medical Devices for Low-Resource Settings,0,1
4404216,,Ken Richardson,Fluconazole,0,1
4879,,Norbert Rillieux,Automated Sugar Refining,0,1
2528725,,Robert Rines,High-Resolution Radar and Sonar,0,1
2711440,,Robert Rines,High-Resolution Radar and Sonar,0,1
2711534,,Robert Rines,High-Resolution Radar and Sonar,0,1
4135240,,Dennis Ritchie,UNIX Operating System,0,1
221360,,James Ritty,Mechanical Cash Register,0,1
4710,,John Roebling,Suspension Bridge,0,1
837127,,John Raphael Rogers,Matrix for Linotype Machine,0,1
3908194,,Lubomyr Romankiw,Magnetic Thin-Film Storage Head,0,1
3133282,,Harold A. Rosen,Geosynchronous Communications Satellite,0,1
3194237,,Benjamin A. Rubin,Pronged Vaccinating Needle,0,1
1172838,,Wallace Clement Sabine,Architectural Acoustics,0,1
520123,,Augustine Sackett,Drywall,0,1
2462133,,Lewis Hastings Sarett,Synthetic Cortisone,0,1
4131919,,Steven Sasson,Digital Camera,0,1
44460,,Joseph Saxton,Measuring Instruments,0,1
4300182,,Edmund O. Schweitzer III,Digital Protective Relay,0,1
3000695,,Glenn T. Seaborg,Plutonium Isolation,0,1
617778,,Charles D. Seeberger,Escalator,0,1
17641,,William Sellers,Improvement in Boring Mills,0,1
1929453,,Waldo L. Semon,Polyvinyl Chloride (PVC),0,1
5751384,,Gary D. Sharp,Polarization-Control Technology,0,1
3939151,,John C. Sheehan,Synthesis of Penicillin,0,1
3023192,,Joseph C. Shivers Jr.,LYCRA® Fiber (Spandex),0,1
424581,,Frederick Ellsworth Sickels,Valve for Steam Engines,0,1
2318259,,Igor I. Sikorsky,Helicopter,0,1
2318260,,Igor I. Sikorsky,Helicopter,0,1
2876108,,John H. Silliker,Microbiological Food Safety and Testing,0,1
2612994,,Bernard Silver,First Optically Scanned Bar Code,0,1
3691140,,Spencer Silver,Post-it® Notes,0,1
2133236,,Games Slayter,Fiberglass,0,1
1340423,,Floyd Smith,Modern Parachute,0,1
1462456,,Floyd Smith,Modern Parachute,0,1
7273280,,Lanny Smoot,Theatrical Technologies and Special Effects,0,1
889823,,James Murray Spangler,Portable Electric Vacuum Cleaner,0,1
2356128,,William J. Sparks,Butyl Rubber,0,1
2408235,,Percy L. Spencer,High-Efficiency Magnetron,0,1
1242065,,Elmer Ambrose Sperry,Gyroscopic Compass,0,1
321149,,Frank J. Sprague,Electric Street Car,0,1
3097204,,James Sprague,Thiazide Diuretics (Chlorothiazide),0,1
349611,,"William Stanley, Jr.",Induction Coil,0,1
3970359,,Gary K. Starkweather,Laser Printer,0,1
533244,,Charles Proteus Steinmetz,Alternating Current,0,1
3371085,,Leo H. Sternbach,Benzodiazepines,0,1
3134097,,Louis Stevens,Data Storage Machine,0,1
3148531,,Alice Stoll,Fire-Resistant Fibers and Fabrics,0,1
2920971,,S. Donald Stookey,Glass Ceramics,0,1
374378,,Harriet W. R. Strong,Water Storage and Flood Control,0,1
1304622,,Eugene Sullivan,PYREX® Brand Cookware,0,1
1219881,,Gideon Sundback,Modern Zipper,0,1
3639736,,Ivan E. Sutherland,Display Windowing by Clipping,0,1
959179,,Ambrose Swasey,Telescope,0,1
341288,,Charles Sumner Tainter,Sound-Recording Instruments,0,1
730176,,Jokichi Takamine,Adrenaline (Adrenalin®),0,1
5389472,,Esther Sans Takeuchi,Lithium/Silver Vanadium Oxide (Li/SVO) Battery Technology in Implantable Cardioverter Defibrillators (ICDs),0,1
6221534,,Esther Sans Takeuchi,Lithium/Silver Vanadium Oxide (Li/SVO) Battery Technology in Implantable Cardioverter Defibrillators (ICDs),0,1
4356429,,Ching Wan Tang,Organic Light-Emitting Diode (OLED),0,1
4010078,,Welton I. Taylor,Microbiological Food Safety and Testing,0,1
2703296,,Gordon Teal,Silicon Transistor,0,1
2519859,,Ralph Teetor,Cruise Control,0,1
3986969,,Maria Telkes,Solar Thermal Storage Systems,0,1
4599315,,Paul Terasaki,Tissue Typing for Organ Transplants; Terasaki Tray,0,1
381968,,Nikola Tesla,Electro-Magnetic Motor,0,1
4295173,,David A. Thompson,Magnetic Thin-Film Storage Head,0,1
3568156,,Ken Thompson,UNIX Operating System,0,1
258684,,Elihu Thomson,Electric Arc Lamp,0,1
237416,,Louis Comfort Tiffany,"Glass Tile, Mosaic",0,1
606635,,Henry Timken,Tapered Roller Bearings,0,1
606636,,Henry Timken,Tapered Roller Bearings,0,1
2261608,,Max Tishler,Synthesis of Vitamin B2 and Sulfaquinoxaline (Antibiotic),0,1
2404199,,Max Tishler,Synthesis of Vitamin B2 and Sulfaquinoxaline (Antibiotic),0,1
5625048,,Roger Tsien,Green Fluorescent Protein (GFP) Variants,0,1
312041,,William E. Upjohn,Dissolvable Pills,0,1
641563,,Theophilus Van Kannel,Revolving Door,0,1
4539507,,Steven Van Slyke,Organic Light-Emitting Diode (OLED),0,1
5103459,,Andrew J. Viterbi,CDMA Technology,0,1
8555353,,Luis von Ahn,reCAPTCHA,0,1
1962794,,Theodore von Karman,Aerodynamic Structure for Planes and Wings,0,1
2911189,,Hans J.P. von Ohain,Turbojet Engine,0,1
399174,,Carl Auer von Welsbach,Incandescent Device,0,1
2443485,,Selman Waksman,Streptomycin,0,1
6023540,,David Walt,Microwell Arrays,0,1
3356858,,Frank Wanlass,Complementary Metal Oxide Semiconductor (CMOS),0,1
4970663,,William J. Warner,Digital Nonlinear Editing System,0,1
293545,,Lewis Edson Waterman,Fountain Pen,0,1
199007,,Thomas A. Watson,Improvements to the Telephone,0,1
RE5504,,"George Westinghouse, Jr.",Air Brake System,0,1
392287,,Edward Weston,Portable Voltmeter,0,1
2064,,Squire Whipple,Iron Truss Bridge,0,1
3952971,,Richard Whitcomb,Supercritical Wing,0,1
659837,,Rollin Henry White,Steam Generator; Controlled Differential,0,1
1253319,,Rollin Henry White,Steam Generator; Controlled Differential,0,1
3158457,,Willis Whitfield,Clean Room,0,1
3220960,,Otto Wichterle,Soft Contact Lens,0,1
3364434,,Robert Widlar,Linear Integrated Circuits,0,1
2049988,,Robert R. Williams,Vitamin Synthesis,0,1
3357176,,Sam B. Williams,Small Fan-Jet Engine,0,1
582108,,Alexander Winton,"Automobile, Bicycle, and Diesel Applications",0,1
373383,,Granville Woods,Railway Telegraphy,0,1
4827064,,Margaret Wu,Synthetic Lubricants,0,1
4827073,,Margaret Wu,Synthetic Lubricants,0,1
3598122,,Alejandro Zaffaroni,Bandage for Administering Drugs,0,1
7776613,,Xiaowei Zhuang,Stochastic Optical Reconstruction Microscopy (STORM),0,1
2139296,,Vladimir Zworykin,Cathode-Ray Tube,0,1
2604359,,Frank Zybach,Center-Pivot Irrigation,0,1
